用例编号,所属产品,所属模块,用例名称,前置条件,步骤,预期,测试数据清理顺序,测试数据是否可复用
"414218	",曙光云Stack,/资源中心/网络/负载均衡/负载均衡（基础版）(#826),lb基础版 > lb监控 > L4LB > tcp监听器正向功能验证,"1.预置vpc1，在vpc1下预置4台虚机，分别为ecs0、ecs1，ecs2、ecs3
2.在vpc1下，预置负载均衡(基础版)v1实例slbv1
3.监听器参数
监听器参数
监听器名称：tcp_8080
描述：1234567890edwqWDWQ中文~
协议：TCP
协议端口：8080
资源池名称：backend_1
负载调度算法：轮询
其它字段保持默认值即可，如不开启会话保持、不开启健康检查等
注：用例中的步骤是用curl来访问tcp监听器，主要用于查看连接数的变化，如果要将流量打上去，可以使用iperf3
使用示例：
服务器端：iperf3 -s -p $port
客户端：iperf3 -c $lb_vip -p $port -t 600 -b 0","1. 在slbv1详情页->监听器tab下->点击监听器名称tcp_8080->选择资源池tab，进入资源池backend_1详情后，点击创建按钮，选择ecs1、ecs2、ecs3为该资源池的成员，对应端口为8080
2. 进入弹性云服务器模块，分别登录ecs1、2、3的vnc窗口，执行如下操作
2.1. 创建测试目录:
cd /root
mkdir test
2.2. 创建测试文件，以ecs1为例：
cd test/
echo &quot;this is ecs1&quot; >> index.html
其它虚机注意修改&quot;this is ecs后的数字标识
2.3. 启动web server，执行命令：
python3 -m http.server 8080
3. 在slb列表页，点击预置slbv1实例对应行，点击查看监控
4. ssh_vm连接ecs0，多次请求此slbv1实例的网络IP即vip，执行命令：
curl http://$slbv1_vip:8080/index.html
5. 在slbv1的监控详情页，实时tab 下查看 实例tab 监控曲线变化，
6. 在slbv1的监控详情页，实时tab 下查看 监听器tab 选择tcp_8080监听器，检查监控曲线变化
7. 通过url进入cms监控服务，进入监控服务下的 负载均衡(基础版)  子菜单 。点击列表页中 slbv1进入负载均衡详情
8. 重复步骤4
9. 监控服务下负载均衡(基础版) 的 在slbv1负载均衡详情，实时tab 下查看 实例tab 监控曲线变化，
10.监控服务下负载均衡(基础版) 的 在slbv1负载均衡详情，实时tab 下查看 监听器tab 选择tcp_8080监听器，检查监控曲线变化","1. 新建成员成功，资源池列表的实例名称、端口号、资源状态信息与新建资源数据一致，ecs1、ecs2、ecs3的资源状态为运行中资源状态为运行中
2.
2.1. 目录创建成功
2.2. 文件创建成功
2.3. web服务启动成功
3. 进入slbv1的监控详情页
4. tcp监听器可以正常访问
5. 各图表的曲线可以正常显示，数据值不为零
6. 各图表的曲线可以正常显示，数据值不为零
7. 可以正常进入负载均衡监控页面，进入监控详情页
8. tcp监听器可以正常访问
9.各图表的曲线可以正常显示，数据值不为零
10. 各图表的曲线可以正常显示，数据值不为零
","1. 进入slbv1详情的监听器tab，进入tcp_8080的资源池tab，进入资源池backend_1详情页，将 ecs1、ecs2、ecs3 从 资源池 中移除
2. 删除监听器tcp_8080
3. 删除负载均衡实例slbv1
4. 删除虚机 ecs0~ecs3（由 vm fixture teardown 自动回收）
5. 删除 VPC vpc1（由 vpc fixture teardown 自动回收）",否
